ApplicationDate,Age,AnnualIncome,CreditScore,EmploymentStatus,EducationLevel,Experience,LoanAmount,LoanDuration,MaritalStatus,NumberOfDependents,HomeOwnershipStatus,MonthlyDebtPayments,CreditCardUtilizationRate,NumberOfOpenCreditLines,NumberOfCreditInquiries,DebtToIncomeRatio,BankruptcyHistory,LoanPurpose,PreviousLoanDefaults,PaymentHistory,LengthOfCreditHistory,SavingsAccountBalance,CheckingAccountBalance,TotalAssets,TotalLiabilities,MonthlyIncome,UtilityBillsPaymentHistory,JobTenure,NetWorth,BaseInterestRate,InterestRate,MonthlyLoanPayment,TotalDebtToIncomeRatio,LoanApproved,RiskScore
2018-01-01,45,39948,617,Employed,Master,22,13152,48,Married,2,Own,183,0.3544179188076587,1,2,0.3583355996981915,0,Home,0,29,9,7632,1202,146111,19183,3329.0,0.7249720460524032,11,126928,0.199652,0.2275896303554705,419.8059915607372,0.1810771978253941,0,49.0
2018-01-02,38,39709,628,Employed,Associate,15,26045,48,Single,1,Mortgage,496,0.0878269682003487,5,3,0.330273669928854,0,Debt Consolidation,0,21,9,4627,3460,53204,9595,3309.083333333333,0.9351320992549323,3,43609,0.207045,0.2010771214969362,794.0542382198969,0.3898524480253535,0,52.0
2018-01-03,47,40724,570,Employed,Bachelor,26,17627,36,Married,2,Rent,902,0.1374141042375972,2,0,0.2447291091328494,0,Education,0,20,22,886,895,25176,128874,3393.6666666666665,0.8722406105782907,6,5205,0.217627,0.2125480098452577,666.4066876774697,0.4621569652325321,0,52.0
2018-01-04,58,69084,545,Employed,High School,34,37898,96,Single,1,Mortgage,755,0.2675871369453283,2,1,0.4362442650682687,0,Home,0,27,10,1675,1217,104822,5370,5757.0,0.8961547069636465,5,99452,0.300398,0.3009108491496013,1047.5069802292967,0.3130983116604649,0,54.0
2018-01-05,37,103264,594,Employed,Associate,17,9184,36,Married,1,Mortgage,274,0.3205353247385241,0,0,0.0788842122687955,0,Debt Consolidation,0,26,27,1555,4981,244305,17286,8605.333333333334,0.9413687393229144,5,227019,0.197184,0.1759901787753283,330.17914048482373,0.0702098474378087,1,36.0
2018-01-06,37,178310,626,Self-Employed,Master,16,15433,72,Married,0,Rent,732,0.102211336838256,5,1,0.2593664008403899,0,Debt Consolidation,1,16,19,2118,1223,67914,40843,14859.166666666666,0.7560793594714331,5,27071,0.217433,0.2176011551228336,385.5770741531959,0.0752112887097658,1,44.0
2018-01-07,58,51250,564,Employed,High School,39,12741,48,Married,0,Rent,337,0.3673803425383352,6,1,0.1274727031804663,0,Other,0,21,18,5161,1735,65624,43894,4270.833333333333,0.8842751265040522,5,21730,0.225741,0.2052709678061031,391.30035166528967,0.1705288628289459,0,50.0
2018-01-08,49,97345,516,Employed,High School,23,19634,12,Divorced,5,Mortgage,288,0.2097675831677214,5,0,0.3955676351247315,0,Other,0,19,11,781,74,50177,11556,8112.083333333333,0.9334924144306608,5,38621,0.226634,0.2091129420982145,1827.3600549751063,0.2607665587313296,1,42.400000000000006
2018-01-09,34,116841,603,Employed,Bachelor,12,55353,60,Divorced,5,Own,638,0.1927011647841362,3,0,0.3132332595016429,1,Debt Consolidation,0,25,29,1157,708,29632,49940,9736.75,0.7283969266537559,3,7711,0.258853,0.291539424809367,1762.1990260211653,0.2465092588411087,0,61.0
2018-01-10,46,40615,612,Employed,Associate,19,25443,12,Married,4,Other,704,0.5124646439687668,3,2,0.5051480267602317,0,Other,0,23,10,1028,446,129664,12852,3384.583333333333,0.6153232100036344,3,116812,0.184443,0.1972706023859007,2353.577423938191,0.9033837027516506,0,53.0
2018-01-11,34,73646,478,Employed,Associate,10,48716,84,Single,3,Own,267,0.2112359879576895,4,1,0.0814447301385817,0,Auto,0,25,7,9266,3875,148966,20315,6137.166666666667,0.6784469665655821,4,128651,0.334716,0.3335388817645363,1504.4524892505112,0.2886433733129584,0,47.0
2018-01-12,34,15000,591,Employed,Bachelor,11,30088,24,Married,2,Mortgage,295,0.3121837751773506,5,1,0.3466856611903402,0,Home,0,21,28,259,348,33062,3353,1250.0,0.8420154706035147,3,29709,0.209588,0.1824011978415739,1505.6095277284012,1.440487622182721,0,56.0
2018-01-13,42,74453,573,Employed,Bachelor,21,16154,60,Married,1,Rent,258,0.527488434435663,6,0,0.3710335920591852,0,Debt Consolidation,0,26,7,781,1633,16204,35493,6204.416666666667,0.7189488829956874,5,5231,0.234654,0.2556845305679195,479.5398903097801,0.1188733655288216,0,56.0
2018-01-14,18,100508,580,Employed,Associate,0,20439,60,Married,1,Rent,247,0.1686248463190475,5,2,0.5813609803865023,0,Other,1,20,3,2027,916,181813,99030,8375.666666666666,0.5437487788048109,6,82783,0.235439,0.245374273754178,594.3815331706401,0.1004554701919019,0,63.0
2018-01-15,19,47624,597,Employed,Bachelor,0,27197,36,Married,1,Mortgage,196,0.1149665642522752,2,1,0.7515148192746655,0,Debt Consolidation,0,15,21,2971,576,45336,9418,3968.6666666666665,0.7199405535105939,3,35918,0.213697,0.2022289217809192,1013.8293748263418,0.3048452985451894,0,58.0
2018-01-16,33,56650,605,Employed,Doctorate,11,12652,36,Single,1,Mortgage,336,0.4234308630650563,4,0,0.0441568040602275,0,Auto,0,21,15,242,131,261435,11144,4720.833333333333,0.8372135908452825,2,250291,0.195152,0.2164127524804118,480.8408279537298,0.1730289485515403,1,33.6
2018-01-17,27,50042,582,Employed,Doctorate,7,19105,60,Single,1,Rent,680,0.1039191338396645,6,3,0.308869314312398,0,Debt Consolidation,0,36,14,2214,1219,11162,89196,4170.166666666667,0.9208669734304104,5,7021,0.233105,0.1871293871402189,492.58144374273706,0.2811833524821718,0,53.0
2018-01-18,43,142326,644,Employed,Bachelor,24,13499,96,Widowed,2,Mortgage,772,0.2225792308926875,1,2,0.29546987577122,0,Other,0,18,2,13247,856,73836,4213,11860.5,0.9710625003288936,5,69623,0.226499,0.2237947653068069,303.1952309300833,0.090653448921216,1,39.2
2018-01-19,29,16021,553,Employed,High School,8,14655,72,Single,0,Rent,286,0.5560300102027713,5,1,0.1045686898825265,0,Debt Consolidation,1,25,12,8651,1127,29278,25345,1335.0833333333333,0.9491878340554412,4,3933,0.253155,0.2347662128605438,381.1768758297885,0.4997267654926323,0,59.0
2018-01-20,23,34698,594,Employed,Associate,0,14314,60,Widowed,3,Mortgage,755,0.1872028404084978,5,0,0.1005979617163389,0,Debt Consolidation,0,27,29,3721,2098,128035,72605,2891.5,0.874070288426121,5,55430,0.222314,0.2314783138154811,404.73508890905856,0.4010842430949536,0,48.0
2018-01-21,57,106749,630,Employed,Master,30,15698,48,Single,0,Rent,1059,0.1325425984776519,0,1,0.1472796820224425,0,Auto,0,21,14,1686,4304,212568,8152,8895.75,0.8543548081496882,4,204416,0.195698,0.2044126918976523,481.3942885517428,0.1731606990474937,1,32.800000000000004
2018-01-22,37,59138,594,Employed,Associate,14,13205,72,Married,0,Own,564,0.3937721883778739,2,1,0.1116632265342507,0,Auto,0,18,9,1187,5192,24257,18681,4928.166666666667,0.8131010247954645,4,5576,0.231205,0.2114439606199491,325.1174211273312,0.1804154528987787,0,51.0
2018-01-23,40,114216,635,Employed,Doctorate,17,9809,60,Single,3,Rent,571,0.2241874208084188,3,1,0.6304483929012554,0,Home,0,26,2,720,2127,23984,27250,9518.0,0.8518390523096648,10,2482,0.197309,0.2011140337279482,260.48690525168723,0.0873594142941465,1,46.400000000000006
2018-01-24,22,63300,503,Employed,Associate,0,16476,24,Married,2,Rent,376,0.3896493754670718,3,1,0.2357985888572082,0,Home,0,29,7,2154,1735,14710,53225,5275.0,0.8707229525687034,5,6903,0.2399759999999999,0.231670288042,864.2694728341611,0.2351221749448646,0,53.0
2018-01-25,33,39676,555,Employed,Master,12,47795,60,Single,1,Other,199,0.3465198640320265,2,1,0.5733945375308696,0,Home,0,19,4,840,1085,157749,76577,3306.333333333333,0.5835994945074672,4,81172,0.275295,0.2534741417542575,1412.5978905237318,0.4874275301513454,0,60.0
2018-01-26,41,59192,594,Unemployed,High School,16,45608,36,Divorced,4,Mortgage,222,0.4093363654675574,4,0,0.2301158454793847,0,Auto,0,18,1,21084,3449,67609,9196,4932.666666666667,0.8443952357304327,3,58413,0.233608,0.2006826444515419,1696.5434894688626,0.3889465109073244,0,58.0
2018-01-27,26,15059,462,Employed,Associate,0,20240,24,Single,3,Other,443,0.0988217595655066,2,0,0.0670663376140666,0,Home,0,16,25,713,7335,29861,13107,1254.9166666666667,0.5990271745774041,12,16754,0.26424,0.2460206651026253,1076.2027060960763,1.2106004696960564,0,51.0
2018-01-28,44,15305,608,Self-Employed,Bachelor,23,21452,48,Single,4,Mortgage,443,0.1113146919186794,1,1,0.0631537920264881,0,Home,0,21,29,9547,979,16936,7005,1275.4166666666667,0.9076742682849762,2,9931,0.212452,0.2253753021812303,682.1440641557417,0.8821776393249853,0,51.0
2018-01-29,32,35498,622,Employed,Master,10,11136,36,Married,0,Own,698,0.3907447101416139,2,0,0.1764443521487324,0,Home,0,18,17,1346,205,34189,31484,2958.1666666666665,0.703667984211605,3,2705,0.185136,0.1648459712586028,394.1781845250898,0.369207792391151,0,48.0
2018-01-30,36,60227,576,Employed,Bachelor,14,25264,84,Divorced,3,Own,458,0.2782753429555818,3,1,0.1441126824725377,0,Home,0,27,28,5391,1993,141168,35773,5018.916666666667,0.8143479855465142,5,105395,0.262264,0.239128970981678,622.0190932780162,0.215189684349813,1,36.8
2018-01-31,32,23861,592,Self-Employed,High School,10,19570,36,Married,0,Other,521,0.2327773061723514,2,3,0.2237112245223063,0,Auto,0,29,27,3348,1072,85166,8627,1988.4166666666667,0.773488801049033,8,76539,0.20857,0.197034892145729,724.3380618289065,0.6262963304952381,0,55.0
2018-02-01,62,73843,667,Unemployed,Master,37,44668,60,Single,1,Other,388,0.2959583202347089,7,2,0.1569137013697023,1,Home,0,16,3,17023,3352,56887,90622,6153.583333333333,0.9446486535560504,5,3068,0.2161679999999999,0.2346033277950418,1271.0537546851097,0.2696077496339709,0,62.0
2018-02-02,39,61099,559,Employed,Bachelor,19,10094,84,Married,0,Mortgage,380,0.1283514136335209,1,0,0.265219566244273,0,Auto,0,21,19,2987,1795,69823,23540,5091.583333333333,0.8802478786881707,4,46283,0.255594,0.2610500458274805,262.6701511744103,0.1262220627848725,0,51.0
2018-02-03,27,15000,535,Employed,High School,4,11318,120,Single,2,Mortgage,721,0.5827549421963798,2,3,0.4483848187309043,0,Home,0,15,18,4172,3835,303949,13680,1250.0,0.8655246599640286,1,290269,0.298818,0.3435940105064144,335.3986467038278,0.8451189173630622,0,53.0
2018-02-04,49,34738,520,Employed,Associate,25,10166,72,Single,2,Mortgage,388,0.5663402048797452,3,3,0.3145138105264432,0,Home,0,27,4,1767,2757,249298,10972,2894.833333333333,0.8798337627925418,2,238326,0.265166,0.2739332434358121,288.9598327490928,0.2338510562781137,0,55.0
2018-02-05,25,85889,571,Employed,Bachelor,3,24186,72,Married,2,Rent,870,0.3316567652324292,4,0,0.0505386436633547,0,Education,0,31,10,14921,1110,18899,5554,7157.416666666667,0.9056850659655092,4,13345,0.253686,0.2796177481671844,696.1364545483091,0.2188130896224162,0,49.0
2018-02-06,42,78701,552,Employed,Associate,18,18326,60,Married,1,Rent,482,0.1880053011286133,6,1,0.0713019781228963,0,Home,0,25,19,463,1585,170720,30154,6558.416666666667,0.706246374378828,7,140566,0.247326,0.2189123509215851,505.01155031559216,0.1504954016313275,1,36.0
2018-02-07,18,24914,604,Employed,Master,0,8015,36,Married,4,Mortgage,327,0.3761587952008543,1,4,0.6442658599722689,0,Auto,0,17,28,2612,199,49999,8146,2076.1666666666665,0.9260164572637286,7,41853,0.191015,0.152812,278.94758109438794,0.2918588333118991,1,45.6
2018-02-08,24,57231,508,Unemployed,Associate,0,35876,48,Married,4,Rent,370,0.572203517627025,3,0,0.1347406133958152,0,Auto,0,20,21,7737,242,214229,73682,4769.25,0.5089668709503604,8,140547,0.276876,0.2304681982164745,1150.799076487652,0.3188759399250725,0,50.0
2018-02-09,42,163303,655,Self-Employed,Bachelor,23,12850,72,Single,2,Other,337,0.3579693126478545,3,0,0.072959105598751,0,Debt Consolidation,0,19,1,3012,309,115322,17900,13608.583333333334,0.9150967945185952,8,97422,0.20035,0.1895312940882554,300.0461613403112,0.0468120851183611,1,37.6
2018-02-10,48,38453,595,Unemployed,High School,26,30517,48,Divorced,0,Own,560,0.3824377045646856,0,0,0.103003264767073,0,Home,0,22,20,5165,1539,46352,3481,3204.4166666666665,0.793542960098904,6,42871,0.228017,0.2262305329127014,971.8230602281166,0.4780349185430889,0,54.0
2018-02-11,42,99920,582,Self-Employed,Bachelor,20,23363,12,Single,3,Other,298,0.615080763381052,3,2,0.2058309595482642,0,Debt Consolidation,0,20,11,991,288,27778,23569,8326.666666666666,0.7297761837911412,10,4209,0.197363,0.1754356855019271,2136.847992796173,0.2924156916888919,1,44.8
2018-02-12,38,57860,591,Employed,High School,20,25576,96,Married,4,Rent,159,0.144070320692704,3,0,0.0743870323199498,0,Auto,0,27,1,2059,427,463089,25653,4821.666666666667,0.841298379347302,8,437436,0.265076,0.2876549577385666,683.4043512189653,0.1747122747083923,0,47.0
2018-02-13,36,30890,590,Employed,High School,16,10176,24,Divorced,2,Own,289,0.2138637490821043,3,1,0.1247302171537788,0,Education,0,23,6,11162,249,43010,28334,2574.1666666666665,0.808568548732828,7,14676,0.1901759999999999,0.1765266450530429,506.3215206405897,0.3089627143958264,0,53.0
2018-02-14,22,15561,500,Employed,High School,1,20169,36,Single,2,Rent,346,0.1042237707058156,6,0,0.3745583771833413,0,Debt Consolidation,0,25,13,1929,1463,16965,5913,1296.75,0.5982463066451033,4,11052,0.255169,0.2423902998160025,793.8209078280751,0.8789827706405052,0,55.0
2018-02-15,31,105957,530,Employed,High School,7,53987,72,Single,0,Other,399,0.0464504455465448,0,0,0.6210591922536411,0,Auto,0,31,16,4218,208,165299,69541,8829.75,0.5251864971506883,3,95758,0.303987,0.3267509877777587,1718.3773131502862,0.2398003695631571,0,54.0
2018-02-16,34,82887,545,Employed,High School,13,20996,84,Divorced,2,Other,471,0.3740170430031402,2,0,0.1515959478647919,0,Other,0,19,8,16502,1246,17748,117394,6907.25,0.9049310272334222,2,4958,0.273496,0.279583208405156,571.7878722615751,0.1509700491891237,0,50.0
2018-02-17,52,53555,631,Employed,Associate,31,29418,60,Divorced,1,Own,221,0.2577000441958514,0,1,0.1479091377421932,0,Education,0,28,20,9902,1607,12300,27582,4462.916666666667,0.8002982768774678,4,2753,0.218918,0.2176638798305933,808.5905593660116,0.2306990330014403,0,47.0
2018-02-18,44,105639,627,Employed,High School,20,20409,108,Widowed,0,Rent,387,0.2821744664134705,1,4,0.3270783966346243,0,Home,0,22,21,3379,5476,165235,22300,8803.25,0.6232275668280846,5,142935,0.251909,0.2637402272037486,495.9515749423792,0.1002983642339339,0,46.0
2018-02-19,18,58342,519,Employed,High School,0,10077,24,Single,3,Mortgage,592,0.1592144927585534,3,0,0.1928691558716403,0,Debt Consolidation,0,20,7,5076,230,25120,15562,4861.833333333333,0.9495358925293532,8,9558,0.225577,0.260699050163498,543.2493604262762,0.2335023195145061,0,50.0
2018-02-20,43,121939,653,Employed,Doctorate,25,41215,48,Divorced,0,Mortgage,220,0.5329414041983653,2,1,0.2444251231872098,0,Other,0,30,12,1365,4000,188167,2457,10161.583333333334,0.8446177031890929,8,185710,0.209715,0.1846492795717869,1220.7265633854008,0.1417817003634998,1,32.800000000000004
2018-02-21,35,16054,526,Employed,Associate,13,20612,36,Married,1,Own,465,0.1443622367669244,1,2,0.2065330441829189,0,Education,0,25,21,4127,665,51140,11870,1337.8333333333333,0.6159170722807443,6,39270,0.242612,0.2316638280282655,799.6733391447596,0.9453145676926072,0,53.0
2018-02-22,31,36057,592,Employed,Associate,11,29501,36,Married,3,Other,384,0.231684159042131,4,0,0.187428659092861,0,Home,0,18,12,2220,438,19637,56982,3004.75,0.7319871064477125,4,1500,0.218501,0.2142852811770499,1117.9536116840152,0.4998597592758183,0,51.0
2018-02-23,47,124086,631,Employed,High School,27,36798,24,Widowed,3,Mortgage,713,0.2244822886310728,6,1,0.3397144748555306,0,Auto,0,27,24,3281,1704,32072,21593,10340.5,0.7159631549303098,6,10479,0.196298,0.1676517991879249,1815.227227787432,0.2444975801738244,1,39.2
2018-02-24,52,272693,586,Employed,Bachelor,28,19717,84,Married,0,Rent,278,0.3724747249366798,2,2,0.2701575024326625,0,Auto,0,19,13,801,1835,94338,5443,22724.416666666668,0.7444943912584154,8,88895,0.251717,0.2181145262191699,459.5963314611698,0.0324583175128589,1,38.400000000000006
2018-02-25,51,48757,615,Employed,Bachelor,27,16173,84,Divorced,3,Mortgage,817,0.2107139712881695,1,0,0.3053767173882865,0,Debt Consolidation,0,28,19,21739,266,39354,97462,4063.0833333333335,0.4913421694393113,2,3120,0.233673,0.221322804523553,380.1899401553989,0.2946505995419076,0,52.0
2018-02-26,29,31683,498,Employed,Associate,5,10566,24,Married,2,Other,183,0.44355410578573,4,2,0.0903706187413158,0,Debt Consolidation,0,22,12,30896,2581,278821,123883,2640.25,0.829092654201392,5,154938,0.2365659999999999,0.2094714381765813,542.6665153221236,0.2748476528064098,0,48.0
2018-02-27,36,69003,499,Self-Employed,Associate,11,5376,96,Single,4,Mortgage,458,0.3676627894804439,6,2,0.1743798193059494,0,Auto,0,28,11,983,1153,37496,23994,5750.25,0.7790233571979756,3,13502,0.2908759999999999,0.2484149684060046,129.3875730579447,0.1021499192309803,1,42.400000000000006
2018-02-28,43,72408,616,Employed,Bachelor,18,23181,48,Married,0,Rent,803,0.2346544414979507,1,2,0.3654388165555161,1,Debt Consolidation,0,22,29,3815,305,22524,33442,6034.0,0.820967193532392,4,5786,0.210181,0.2522172,771.4847975541575,0.2609354984345637,0,63.0
2018-03-01,51,105087,653,Employed,Master,33,48331,108,Single,1,Mortgage,772,0.1169995622862777,5,1,0.1805575456028504,0,Auto,1,22,24,21204,2121,201313,59261,8757.25,0.5741986017645414,4,142052,0.266831,0.2737124988995358,1208.1533253808643,0.2261158840253349,0,44.0
2018-03-02,34,15000,607,Employed,Master,11,26412,96,Married,1,Own,468,0.0312666074670237,1,2,0.3501123923122793,0,Home,0,18,22,2232,2085,234374,11163,1250.0,0.8258669004979884,6,223211,0.257912,0.2764505169969469,685.4486806693817,0.9227589445355052,0,48.0
2018-03-03,37,38513,600,Self-Employed,High School,16,21225,48,Divorced,2,Rent,373,0.5186353659043479,2,0,0.1684358288403604,0,Education,0,22,29,1458,340,44836,28653,3209.4166666666665,0.8752034217599216,4,16183,0.216225,0.2311041625309269,681.5771431207845,0.3285884173512688,0,52.0
2018-03-04,26,77555,527,Employed,Bachelor,5,22854,36,Married,0,Rent,499,0.0954795705875424,6,1,0.1882781482364729,0,Education,0,19,22,8710,691,39027,9580,6462.916666666667,0.8824741117777509,5,29447,0.244354,0.1999300668014297,849.2551010144613,0.2086140314895691,1,39.2
2018-03-05,25,15000,576,Employed,High School,1,18177,48,Single,0,Mortgage,528,0.2733122633825723,6,1,0.2360832262016053,0,Home,0,25,3,5689,1111,99036,274582,1250.0,0.8687197721258745,3,1077,0.225177,0.2198549053492861,572.5428040888214,0.8804342432710571,0,57.0
2018-03-06,49,24973,611,Employed,Bachelor,30,17466,48,Married,3,Own,336,0.2800815869769942,1,0,0.4149944474463848,0,Auto,0,23,12,3167,1547,44944,30121,2081.083333333333,0.8723462860748266,9,14823,0.206966,0.2214430975949385,551.6544409318947,0.4265347892196666,0,55.0
2018-03-07,56,18248,574,Employed,Associate,37,16443,24,Divorced,0,Own,733,0.2834741820252165,2,1,0.0636283363199063,0,Home,0,23,20,2682,548,204131,11483,1520.6666666666667,0.9338919368558886,2,192648,0.204443,0.1736984562994106,815.9042462329553,1.018569210587213,0,48.0
2018-03-08,39,67367,615,Self-Employed,Associate,15,26889,48,Married,1,Mortgage,317,0.0079659183933911,4,0,0.4659121203237648,0,Debt Consolidation,0,29,24,8241,5430,115099,16012,5613.916666666667,0.5254568787953385,4,99087,0.214389,0.1715112,777.9871224967229,0.1950486955031495,1,42.400000000000006
2018-03-09,52,32418,647,Employed,Bachelor,29,32208,12,Married,2,Rent,447,0.4134019823146939,1,0,0.3187597670827545,0,Auto,0,26,3,2926,533,326015,12696,2701.5,0.7782867665556822,3,313319,0.173708,0.1507093998795362,2908.117979703395,1.241946318602034,0,50.0
2018-03-10,44,26879,649,Employed,Bachelor,21,20313,60,Married,1,Rent,562,0.4332425002437474,3,2,0.2196495791430893,0,Home,0,22,29,4029,3740,94575,23485,2239.9166666666665,0.7542214073775044,5,71090,0.200813,0.1989639513607613,536.999939490595,0.4906432260830812,0,50.0
2018-03-11,32,54128,620,Employed,Bachelor,11,20676,36,Single,0,Mortgage,322,0.2634989466223707,2,1,0.1001359210966172,0,Home,0,32,7,4943,388,92000,4196,4510.666666666667,0.7899474592022075,1,87804,0.195676,0.1777530372100154,745.1584241528697,0.2365855211689778,1,36.8
2018-03-12,44,19924,535,Employed,High School,20,21767,48,Married,0,Mortgage,495,0.2453260140229627,3,0,0.3843523709782191,0,Education,0,32,19,21032,1679,22711,8051,1660.3333333333333,0.8144556737015609,8,14660,0.249267,0.2991204,782.6292869929284,0.7695016785743396,0,56.0
2018-03-13,58,90788,672,Employed,Bachelor,34,18243,36,Married,2,Mortgage,153,0.2979257232305213,3,0,0.1466334645866133,0,Debt Consolidation,0,20,21,1980,1139,13542,32218,7565.666666666667,0.7530314751383508,6,5911,0.167243,0.1404285694238773,623.8822990927248,0.102685240220213,1,34.4
2018-03-14,39,190445,619,Employed,Master,16,28894,36,Single,3,Mortgage,304,0.2636491392588649,4,1,0.0128331622197715,0,Other,0,24,8,2857,956,154003,38230,15870.416666666666,0.9612516119421664,6,115773,0.204394,0.2141253058596204,1094.712989199109,0.0881333501556318,1,33.6
2018-03-15,58,35372,612,Employed,High School,38,25313,24,Married,1,Mortgage,424,0.291020375896654,3,0,0.4043888356972662,0,Education,0,20,26,2811,3235,123931,4752,2947.6666666666665,0.8572348846551523,3,119179,0.1943129999999999,0.1969996578311956,1284.618306282223,0.5796511273150141,0,50.0
2018-03-16,18,15000,570,Employed,Associate,0,50226,48,Married,1,Mortgage,537,0.2081155309488201,10,0,0.2267352834345347,0,Debt Consolidation,1,16,26,3575,3286,153676,71478,1250.0,0.7835636283739139,3,82198,0.260226,0.228380005946275,1605.3625699782506,1.7138900559826005,0,58.0
2018-03-17,49,40829,617,Employed,Bachelor,25,25478,36,Married,1,Mortgage,785,0.0732205581912403,3,0,0.2537459242072161,0,Auto,0,11,14,2267,1111,42122,7348,3402.4166666666665,0.9519486310258534,0,34774,0.201978,0.1793120992231495,920.2117648607896,0.5011766435212588,0,49.0
2018-03-18,41,58655,523,Employed,Associate,16,26493,96,Single,4,Mortgage,206,0.4153044222038413,4,0,0.1751875631410331,0,Other,0,24,13,2003,1731,64414,41991,4887.916666666667,0.8527137197285295,1,22423,0.299993,0.3344401374117971,795.1657822698164,0.2048246421828965,0,51.0
2018-03-19,36,68801,531,Employed,Bachelor,14,18652,36,Single,0,Rent,1044,0.1655157134903838,1,2,0.3352329239387456,0,Auto,1,30,16,1810,630,446359,16938,5733.416666666667,0.554409422563644,2,429421,0.238152,0.2857824,777.3521551115733,0.3176730841316096,0,53.0
2018-03-20,41,92731,619,Employed,Bachelor,19,31116,48,Single,1,Rent,396,0.1230518515092504,4,1,0.2211172138523826,0,Home,0,20,3,3025,1004,11209,14838,7727.583333333333,0.5537108281243177,3,7629,0.216616,0.2154245032726364,972.6302005988942,0.1771097303726556,0,50.0
2018-03-21,18,40050,545,Self-Employed,Doctorate,0,112253,48,Married,1,Rent,406,0.3061276212624648,4,1,0.184527533056013,0,Home,1,33,2,1506,726,18390,29714,3337.5,0.9370302423573678,4,7672,0.3347529999999999,0.3584856961488986,4432.382784161488,1.4497027068648651,0,64.0
2018-03-22,37,40784,618,Employed,Master,14,41465,72,Married,0,Own,370,0.1743262446861453,3,0,0.2037609569235825,0,Home,0,26,27,21978,1394,197632,25549,3398.6666666666665,0.8315009890937338,4,172083,0.247465,0.2927634730946802,1228.1601646621898,0.4702315117680041,0,45.0
2018-03-23,44,15000,588,Employed,High School,23,26563,48,Married,0,Mortgage,378,0.3089276425404629,3,3,0.2981084080452126,0,Home,0,24,21,1357,2246,496594,22556,1250.0,0.8808597634247228,6,474038,0.227563,0.2098160677696806,822.2789887950337,0.9602231910360268,0,48.0
2018-03-24,57,86699,615,Employed,Associate,39,7469,60,Single,0,Rent,413,0.1137618678075246,6,2,0.17913554613205,0,Home,0,18,24,1872,8480,36531,70691,7224.916666666667,0.9194949321063196,6,8130,0.204969,0.1988497365267741,197.40508700773685,0.0844861076147688,1,36.0
2018-03-25,33,17676,540,Employed,Associate,8,17801,48,Married,4,Own,226,0.1530945685800469,4,1,0.3556427908501307,0,Debt Consolidation,0,38,21,8380,1994,70945,22271,1473.0,0.8784232811240572,5,48674,0.242801,0.2438807925407874,584.170970661055,0.5500142367013272,0,55.0
2018-03-26,30,42752,517,Employed,High School,4,14379,36,Married,2,Rent,363,0.3577786360795207,3,0,0.2975879340693383,0,Auto,0,18,2,6094,1404,172820,26438,3562.6666666666665,0.816055799105247,4,146382,0.240879,0.239661811526782,563.8738944216548,0.2601629568923058,0,53.0
2018-03-27,33,29096,570,Employed,Associate,12,40138,24,Married,3,Other,685,0.1412970784565487,2,1,0.2394469395065947,0,Debt Consolidation,0,28,19,1461,1471,86250,50013,2424.6666666666665,0.7607583903351405,4,36237,0.230138,0.2486006220333732,2139.408949094737,1.164864840154552,0,53.0
2018-03-28,50,60992,663,Employed,Bachelor,30,24642,48,Single,0,Rent,664,0.2526376838731083,0,0,0.0555881712831942,0,Home,0,28,17,4726,1723,52202,13350,5082.666666666667,0.9171479632528536,4,38852,0.188142,0.2164492880291759,771.6304125662359,0.2824561409823392,0,44.0
2018-03-29,43,100032,524,Employed,Master,21,19105,60,Married,0,Mortgage,824,0.106728644103128,5,0,0.2266498679075305,1,Education,0,24,29,9197,302,49889,4301,8336.0,0.8314939467511734,6,45588,0.262105,0.209684,516.5148902524263,0.160810327525483,1,49.6
2018-03-30,33,35882,620,Employed,Master,11,9259,48,Single,0,Own,257,0.1702458363341031,3,0,0.1475930047073919,0,Home,0,23,11,3552,1162,61154,91262,2990.1666666666665,0.8833715788381252,3,8266,0.194259,0.2000114779249506,281.76038720038355,0.1801773771362968,0,47.0
2018-03-31,46,32781,623,Employed,High School,22,17468,60,Married,1,Other,1180,0.0874823837188859,4,0,0.0937773219549579,0,Debt Consolidation,0,23,19,7428,2122,299192,4938,2731.75,0.6609536549602993,2,294254,0.210968,0.2320653232549298,494.5061263795844,0.6129792720342581,0,41.0
2018-04-01,41,51707,585,Employed,Bachelor,18,20069,72,Married,3,Rent,407,0.0059223893278881,5,0,0.2173883786590151,0,Home,0,25,7,3815,1252,24114,24580,4308.916666666667,0.8373237138844005,4,2253,0.242569,0.268223329089061,563.2583042698386,0.2251745344196735,0,52.0
2018-04-02,51,31251,596,Unemployed,Bachelor,30,66582,24,Single,0,Rent,357,0.5664480969779048,2,2,0.1601695538852808,0,Home,1,21,25,2313,945,30153,37940,2604.25,0.7840615661655488,5,3276,0.243582,0.2474564400627162,3545.091047229281,1.498355014775571,0,61.0
2018-04-03,31,22359,524,Employed,High School,11,26889,48,Married,2,Mortgage,216,0.2211316958194412,5,1,0.4552599311322595,0,Auto,0,14,8,24764,3578,131521,46881,1863.25,0.8538791924339512,4,84640,0.259889,0.2407135350402262,877.6917767367678,0.586980693270773,0,57.0
2018-04-04,36,152650,610,Employed,Associate,12,24815,48,Married,3,Other,148,0.103056870955778,3,1,0.3843075055403481,0,Home,0,21,25,4346,587,127009,89100,12720.833333333334,0.7725809772296938,6,37909,0.214815,0.2135114898398752,773.1082609982855,0.0724094276579064,1,38.400000000000006
2018-04-05,35,15120,562,Self-Employed,Master,11,21849,84,Married,0,Rent,423,0.5157266656021708,5,1,0.2386445210334251,0,Debt Consolidation,0,24,26,1874,1245,18522,14697,1260.0,0.951149524950168,5,3825,0.265849,0.2441707013922021,544.9168704597823,0.7681879924283986,0,58.0
2018-04-06,22,59830,570,Self-Employed,Associate,0,22734,24,Single,2,Rent,246,0.432399872563476,3,2,0.5723276818607661,0,Debt Consolidation,0,29,9,2511,329,449345,13537,4985.833333333333,0.7485047297788853,7,435808,0.212734,0.1746266391648873,1129.0809235415209,0.2757976112735793,1,45.6
2018-04-07,43,55308,645,Employed,Doctorate,22,19539,72,Single,0,Other,362,0.0715581905110223,3,0,0.2662099288951911,0,Debt Consolidation,0,29,24,5995,932,101618,7871,4609.0,0.9664762707448832,4,93747,0.212039,0.1696312,434.265166928783,0.1727631084679503,1,36.8
2018-04-08,43,30948,601,Employed,Bachelor,17,25291,36,Married,0,Mortgage,286,0.0509513419696787,1,0,0.3603486893761465,0,Auto,0,19,25,7167,291,99978,21318,2579.0,0.7435777656921195,9,78660,0.209791,0.2233077175954149,970.2078724473372,0.4870910711311893,0,49.0
2018-04-09,40,56940,592,Employed,Associate,21,15752,96,Married,0,Mortgage,213,0.4250499826740336,3,0,0.1172375847043762,0,Debt Consolidation,0,20,7,1349,634,97769,33321,4745.0,0.7907911613907693,5,64448,0.254752,0.2616014984888397,392.9661211330063,0.1277062425991583,0,50.0
2018-04-10,37,44000,539,Employed,High School,13,28714,60,Married,3,Rent,457,0.4141824374841434,3,1,0.1999940926692494,0,Home,0,10,29,5872,2939,331208,29418,3666.6666666666665,0.946449956266186,8,301790,0.264214,0.2441737483948041,833.0142733198009,0.3518220745417639,0,46.0
2018-04-11,23,81554,509,Employed,High School,4,35101,72,Married,1,Rent,519,0.3579209013937276,5,0,0.2943235497801772,0,Home,0,23,24,3233,1955,84421,14641,6796.166666666667,0.8231243849036931,5,69780,0.295601,0.3165122753604206,1093.628675336426,0.237285039409926,0,49.0
2018-04-12,34,26567,612,Employed,Bachelor,13,17339,60,Single,1,Mortgage,194,0.0873860931301412,1,1,0.0653370744758526,0,Education,0,17,14,2738,512,55729,81589,2213.9166666666665,0.6828916312462736,4,9625,0.216339,0.2321913245705517,490.98002931805775,0.3093973859230132,0,48.0
2018-04-13,35,33569,596,Employed,Bachelor,9,37172,48,Divorced,0,Mortgage,212,0.2629147472900452,3,0,0.0325882994284799,0,Home,0,20,8,2103,12534,56452,23346,2797.4166666666665,0.7067858949522561,6,33106,0.234172,0.2245695694108283,1180.3849642470652,0.4977395683804934,0,52.0
2018-04-14,30,94238,608,Employed,Bachelor,6,15917,36,Married,3,Own,203,0.1643775271640669,3,2,0.4589280817317269,0,Home,0,23,2,3382,7940,54668,13137,7853.166666666667,0.6076754325693814,3,41531,0.1969169999999999,0.1876325332493067,581.5503891626953,0.099902424393051,1,44.0
2018-04-15,38,45145,587,Employed,Bachelor,17,11431,48,Divorced,1,Mortgage,879,0.1261249456996093,5,0,0.2974102492388263,0,Education,0,27,24,7060,2678,119670,26515,3762.0833333333335,0.9581471730380612,9,93155,0.212931,0.196131632018912,345.4978468657514,0.3254839774590545,1,40.0
2018-04-16,44,70881,597,Employed,Master,23,34590,48,Divorced,0,Rent,324,0.30403187309642,1,1,0.117077159340471,0,Home,0,22,19,2050,1136,3628,21804,5906.75,0.7870640617697736,8,1188,0.23109,0.2141664978094515,1078.8701894649091,0.2375028889770024,0,50.0
2018-04-17,62,105240,656,Employed,Associate,39,13937,108,Widowed,3,Mortgage,391,0.2489745651437896,6,2,0.1983002305886784,1,Home,0,32,26,1960,2516,62442,28628,8770.0,0.96470514370327,4,33814,0.230937,0.2297078574766258,306.3041270938386,0.0795101627244969,0,55.0
2018-04-18,42,63709,517,Unemployed,Bachelor,18,22221,48,Single,0,Mortgage,623,0.2838588898758306,2,3,0.4732130443935223,0,Auto,0,41,18,3930,136,80888,12851,5309.083333333333,0.6208073821759903,3,68037,0.258721,0.2654236406441723,756.0285458271679,0.2597488981137047,0,57.0
2018-04-19,43,31713,487,Self-Employed,Bachelor,18,38865,48,Married,1,Rent,314,0.2499556834175538,2,3,0.6010572141517163,0,Auto,0,20,6,395,231,49718,43113,2642.75,0.9786517361897752,3,6605,0.290365,0.2864304610851083,1368.8672558289884,0.6367863989514666,0,64.0
2018-04-20,39,29900,536,Employed,High School,17,23396,72,Single,3,Mortgage,589,0.1038206712651684,3,0,0.1858154591411437,0,Debt Consolidation,0,28,4,470,2353,23801,36682,2491.6666666666665,0.9365135983784778,6,2585,0.2703959999999999,0.2994520375102945,703.022859665007,0.51853760254114,0,54.0
2018-04-21,18,87673,608,Employed,Master,0,10667,72,Single,3,Mortgage,725,0.2219630213117185,4,0,0.3856831470770867,0,Auto,1,23,19,1134,551,71561,5492,7306.083333333333,0.7363489048266613,5,66069,0.221667,0.2400203909193612,280.84150732555884,0.1376717813683426,1,43.2
2018-04-22,39,55454,565,Self-Employed,Bachelor,16,35551,36,Married,3,Mortgage,1206,0.2406738956667675,5,0,0.5263880901334251,0,Auto,0,22,13,4159,1098,33268,27329,4621.166666666667,0.9733609129905876,4,5939,0.2380509999999999,0.2541482188827534,1421.3129304334127,0.5685388820500045,0,61.0
2018-04-23,40,40722,558,Employed,High School,18,31637,120,Married,2,Own,269,0.1727113925422437,5,2,0.1438867784578108,0,Auto,0,22,9,9140,398,141270,20184,3393.5,0.8019917617833859,4,121086,0.307637,0.3027985474321377,840.5550282755453,0.326964793951833,0,47.0
2018-04-24,69,76571,680,Employed,Master,49,34173,48,Married,1,Rent,407,0.1586768373024463,7,2,0.216618899532913,0,Home,0,20,3,2220,3117,78008,5915,6380.916666666667,0.959075228326481,7,72093,0.189173,0.1911275958480552,1023.8112085485172,0.2242328623445195,0,46.0
2018-04-25,37,22901,525,Employed,Master,14,18493,48,Married,2,Rent,288,0.0859222327796731,1,1,0.2641119559708486,0,Auto,0,25,6,3120,3491,99630,10098,1908.4166666666667,0.9247388971617914,3,89532,0.250993,0.2534033093899361,616.690288339272,0.4740528125440489,0,53.0
2018-04-26,43,49421,609,Employed,Bachelor,21,17161,72,Married,3,Other,438,0.3621156053362238,3,4,0.2587870541153639,0,Debt Consolidation,0,21,8,10050,1546,17627,40586,4118.416666666667,0.8538435594219569,8,9540,0.227661,0.2580680759549189,470.8010353828341,0.2206675790573644,0,51.0
2018-04-27,39,43507,611,Employed,Associate,16,31845,48,Divorced,3,Rent,544,0.3749899526791381,4,2,0.0847899222421028,1,Home,0,32,15,1192,5407,30751,34764,3625.5833333333335,0.7286152906659061,7,6480,0.221345,0.2656139999999999,1083.810065641057,0.448978803128064,0,60.0
2018-04-28,25,41402,572,Employed,Doctorate,4,25900,36,Married,4,Mortgage,419,0.1113135565726894,2,2,0.0923347235350403,0,Home,0,29,21,9920,6772,36312,37402,3450.1666666666665,0.729440679148017,6,4623,0.2249,0.2377350219528855,1013.0533057953522,0.4150678631356994,0,50.0
2018-04-29,53,37405,626,Employed,High School,30,15770,48,Married,0,Mortgage,442,0.2279538059258588,3,0,0.2996445580910432,0,Debt Consolidation,1,22,19,14266,762,15028,29045,3117.083333333333,0.8538652603658562,3,4530,0.19777,0.2061054309744192,485.0316359934904,0.2974035458340298,0,56.0
2018-04-30,49,48399,564,Employed,Bachelor,29,19629,48,Single,0,Rent,346,0.2845530444179331,6,1,0.2145117695194217,0,Home,0,18,19,993,1120,91813,16583,4033.25,0.8816550375388991,1,75230,0.232629,0.264095005853557,666.3672618766681,0.2510053336333399,0,51.0
2018-05-01,49,44775,574,Employed,High School,28,20270,48,Divorced,4,Mortgage,228,0.1537465730129016,3,0,0.1961324000931501,0,Education,0,28,7,3070,1348,31257,64801,3731.25,0.84456748953186,5,8511,0.22827,0.2196043266803594,638.1928593137129,0.2321454899333234,0,51.0
2018-05-02,29,125711,580,Employed,Associate,7,12133,48,Widowed,0,Own,543,0.4563506459374977,3,1,0.2147964982057931,0,Home,0,20,20,16833,1592,18425,10411,10475.916666666666,0.7066975949742867,5,8014,0.217133,0.2181261203260186,381.0299962124382,0.0882051686371857,1,40.8
2018-05-03,56,15131,634,Employed,Master,30,25599,48,Married,2,Rent,351,0.2426003682938966,1,1,0.3810705651994572,0,Home,1,25,5,2458,2915,73848,15145,1260.9166666666667,0.778020135748182,7,58703,0.203599,0.2283225931236707,818.1347930558546,0.9272101987092892,0,59.0
2018-05-04,23,73576,603,Employed,Bachelor,0,12055,36,Married,2,Other,491,0.010550359397377,8,0,0.24930210540325,0,Education,0,26,1,1924,600,50167,59651,6131.333333333333,0.7665230614013436,5,4647,0.195555,0.1754386463723086,433.0636692410553,0.1507116998870917,1,41.6
2018-05-05,47,50345,602,Employed,Bachelor,22,18805,48,Married,1,Mortgage,441,0.4682993166153103,2,1,0.0879305410086949,0,Home,0,24,1,13605,785,50714,3537,4195.416666666667,0.5794889302075689,3,47177,0.212805,0.2324865552985765,605.2927055520034,0.2493894620443746,0,52.0
2018-05-06,66,56816,669,Employed,Associate,41,20719,12,Single,2,Mortgage,288,0.3201989296751192,4,1,0.0764620140703347,0,Auto,0,28,27,8124,705,636666,14955,4734.666666666667,0.7062527329182626,6,621711,0.151219,0.1394149509329506,1859.728992378859,0.4536177821132481,1,28.8
2018-05-07,28,34588,621,Employed,Master,0,18962,48,Single,0,Mortgage,444,0.2153448383537081,4,0,0.2816647708675246,0,Debt Consolidation,0,36,1,8955,256,89846,11153,2882.333333333333,0.6647634811526894,3,78693,0.203462,0.2409475521345167,619.1897311280587,0.3688642527332226,0,52.0
2018-05-08,33,55383,565,Employed,Associate,10,9093,48,Married,3,Own,419,0.3080942448964131,4,0,0.0936257148249453,0,Auto,0,18,21,6607,1948,13714,6183,4615.25,0.6376914646557146,2,7531,0.2215929999999999,0.2329611404795455,292.9212284818008,0.1542540985822655,1,40.0
2018-05-09,41,65180,551,Employed,High School,16,15086,72,Married,2,Mortgage,323,0.2629592287911378,1,0,0.1893285066405936,0,Debt Consolidation,0,24,26,562,1662,64928,61849,5431.666666666667,0.5761223937843625,7,3079,0.254586,0.2326246575872104,390.4395277269173,0.1313481793912704,1,40.0
2018-05-10,33,15000,523,Employed,Bachelor,8,13879,60,Married,2,Rent,248,0.258464995124704,2,2,0.3668960471331983,0,Auto,0,29,13,12973,290,27247,5651,1250.0,0.7785983863246368,2,21596,0.257379,0.2690634753047489,423.0232759033748,0.5368186207226998,0,56.0
2018-05-11,21,149736,560,Employed,Associate,0,27917,48,Married,0,Own,604,0.3076271019395862,1,0,0.3647327710678125,0,Auto,0,27,9,3003,2256,290530,10999,12478.0,0.8278309677340422,6,279531,0.242917,0.2082644425030576,861.8653947452472,0.1174759893208244,1,37.6
2018-05-12,40,42717,585,Employed,High School,14,41561,24,Divorced,3,Other,326,0.3800835716089359,2,1,0.252630803759783,0,Home,0,21,24,489,759,48731,10782,3559.75,0.6584504522019998,3,37949,0.2240609999999999,0.2140001983452904,2143.813798122449,0.6938166438998383,0,53.0
2018-05-13,27,66417,590,Employed,Master,5,9493,48,Married,3,Mortgage,408,0.644568842556894,3,1,0.1906296164057773,0,Home,0,27,17,2012,1060,112110,24837,5534.75,0.7588609525120575,9,87273,0.209493,0.1919831119533875,284.8361861202966,0.1251793100176695,1,40.0
2018-05-14,45,22121,602,Employed,Bachelor,23,18805,60,Divorced,3,Other,250,0.2210274421152772,0,2,0.0641242479182796,0,Home,0,32,12,667,2669,63386,7364,1843.4166666666667,0.9867449095215128,2,56022,0.2228049999999999,0.2379574379604218,538.7544132243307,0.4278763599607598,0,47.0
2018-05-15,28,37558,620,Employed,Master,5,18686,60,Married,0,Rent,278,0.1221470589494719,1,1,0.2197450342212391,0,Education,0,24,24,4575,1163,9316,17652,3129.833333333333,0.8532237481232183,10,2660,0.213686,0.2277135049624295,524.3153017738612,0.2563444172023625,0,49.0
2018-05-16,58,134691,621,Employed,Bachelor,36,16421,24,Married,0,Rent,607,0.1916414193207638,1,0,0.169401203082851,0,Home,1,28,27,1619,306,48831,27992,11224.25,0.8842708944465567,4,20839,0.180921,0.1980686738965583,834.2114895797027,0.1284015849236877,1,40.0
2018-05-17,30,33101,539,Employed,High School,7,29824,60,Married,0,Rent,358,0.1847873399309997,3,0,0.1637510519359936,0,Education,0,17,19,2548,1004,220116,8784,2758.4166666666665,0.9113831973407766,0,211332,0.265324,0.2389714754694289,856.1962596946144,0.4401786990222462,0,46.0
2018-05-18,36,44364,439,Employed,High School,10,5538,36,Divorced,1,Mortgage,313,0.3314445993974999,3,1,0.3018415197190495,0,Other,0,26,12,2471,764,203672,8223,3697.0,0.8680864326045541,7,195449,0.271038,0.2562125018508351,222.0136237945848,0.1447156136853083,1,40.8
2018-05-19,49,38596,499,Employed,Master,27,13078,36,Married,2,Other,292,0.148254550452486,1,2,0.3877176939850358,0,Debt Consolidation,1,24,23,1121,1118,40099,121827,3216.333333333333,0.8030584112494779,6,4304,0.248578,0.2558993551055523,524.0681505529991,0.2537262360513003,0,60.0
2018-05-20,25,139954,439,Unemployed,High School,3,40858,48,Single,0,Rent,293,0.1728898066948234,1,0,0.4489110385391811,0,Auto,0,28,22,427,1429,51633,5937,11662.833333333334,0.5887569424712554,2,45696,0.316358,0.3124454576901247,1500.8545233870482,0.1538094965534717,0,56.0
2018-05-21,42,53444,521,Unemployed,Bachelor,19,16462,60,Married,0,Other,730,0.3684903388772527,4,1,0.237526015053893,0,Auto,0,24,12,4608,638,44150,32195,4453.666666666667,0.5809484460351957,7,11955,0.260962,0.2880802820182057,520.6123708999971,0.2808051128433493,0,55.0
2018-05-22,55,113523,643,Employed,High School,33,10990,60,Married,0,Own,427,0.3060192614473559,4,2,0.2217120257217952,0,Auto,0,25,18,4279,2107,130005,17536,9460.25,0.8653741651174964,4,112469,0.19449,0.2038890207086711,293.5510189961893,0.0761661709781654,1,35.2
2018-05-23,20,31270,581,Employed,Bachelor,1,6624,12,Married,1,Mortgage,151,0.464867466093846,5,2,0.0920790813606543,0,Other,1,27,20,2857,478,78348,31210,2605.833333333333,0.7802279615770682,6,47138,0.181124,0.173323616262346,605.1855616188404,0.2901895343596445,0,58.0
2018-05-24,42,46717,520,Employed,High School,21,20915,60,Divorced,4,Other,616,0.3926780588481041,4,2,0.4418981690673736,0,Auto,0,25,20,1085,2885,8920,11975,3893.0833333333335,0.9889078460701592,1,3094,0.265915,0.2457024490774915,608.624593648303,0.3145641869935919,0,57.0
2018-05-25,43,56613,564,Employed,High School,19,25148,36,Single,0,Mortgage,340,0.5136588368001973,5,1,0.4353465580683332,0,Home,0,20,3,4138,1730,226679,47469,4717.75,0.5005037363000974,8,179210,0.228148,0.241327041378289,988.3808662665645,0.2815708476003528,0,56.0
2018-05-26,49,86882,612,Employed,Bachelor,24,51374,72,Married,1,Rent,380,0.116597619683324,1,2,0.225287112967231,0,Home,0,35,19,10374,565,45230,263937,7240.166666666667,0.5470855796326178,8,4755,0.260374,0.2777725883376206,1472.6892010165866,0.2558904078197905,0,47.0
2018-05-27,25,69876,598,Employed,Associate,5,17992,96,Single,1,Rent,545,0.0114707390916024,3,1,0.2581546911234629,0,Debt Consolidation,0,31,15,915,506,19626,7056,5823.0,0.8042212823161409,5,12570,0.253992,0.2723052977294854,461.8554917370296,0.1729100964686638,0,51.0
2018-05-28,24,32582,513,Self-Employed,Bachelor,4,26598,60,Divorced,0,Rent,231,0.4625920674621868,5,1,0.1466522547528528,0,Debt Consolidation,0,24,21,288,1263,32463,10978,2715.1666666666665,0.8519066808790127,4,21485,0.275098,0.2727079521049,816.4890481577511,0.3857918046127621,0,55.0
2018-05-29,46,101562,612,Employed,Bachelor,23,30836,84,Divorced,3,Mortgage,323,0.6055536860613306,6,0,0.1895148847247776,0,Education,1,26,14,7528,378,62262,36152,8463.5,0.7734253915833851,5,26110,0.249836,0.236658704709986,754.4015679516308,0.127299765812209,0,54.0
2018-05-30,43,24611,548,Unemployed,Bachelor,25,21110,24,Married,0,Other,489,0.5774590354323942,0,1,0.222317808740061,0,Education,0,30,18,10586,1352,190056,20979,2050.9166666666665,0.7565857226468845,5,169077,0.2221099999999999,0.2473423829653818,1123.8598944257246,0.7864092776851285,0,54.0
2018-05-31,43,22390,594,Employed,Associate,21,17603,120,Married,1,Own,389,0.1581449304593628,3,5,0.3996419437011357,0,Auto,0,19,23,612,293,24284,46780,1865.8333333333333,0.9182481307609824,3,8633,0.275603,0.2929706681120441,454.9331165012831,0.4523089503356587,0,55.0
2018-06-01,44,47430,605,Employed,Bachelor,25,32684,60,Married,5,Mortgage,377,0.6351421226572908,2,0,0.191575883028812,0,Debt Consolidation,0,31,17,673,505,57941,32526,3952.5,0.7162418050569915,5,25415,0.235184,0.2323554773523261,925.8059033784632,0.3296156618288332,0,50.0
2018-06-02,31,57105,500,Employed,Master,6,24760,36,Single,3,Rent,168,0.1222252354768056,2,1,0.3289675827238538,0,Home,0,15,20,2593,129,12750,12673,4758.75,0.7130921503679093,6,1632,0.25976,0.2681013306623649,1008.3119297517228,0.2471892681380032,0,53.0
2018-06-03,42,28751,536,Employed,Bachelor,21,30150,60,Married,0,Own,343,0.4110981671499558,1,3,0.3386737526920623,0,Debt Consolidation,0,19,5,8298,2785,33961,20305,2395.9166666666665,0.8500267069542693,7,13656,0.26715,0.258890881936069,900.7265157618874,0.5191025769240253,0,59.0
2018-06-04,43,43567,547,Employed,Bachelor,17,17390,24,Married,2,Mortgage,308,0.1436437837044899,3,0,0.2657086420246948,0,Debt Consolidation,0,28,10,12906,4746,131041,11319,3630.5833333333335,0.7653277557835397,3,119722,0.2188899999999999,0.2380168360580599,917.707994966234,0.3376063520461543,0,48.0
2018-06-05,31,20113,575,Employed,Master,6,27214,36,Married,1,Own,347,0.2162748337056839,2,1,0.4527286073123595,0,Other,0,20,2,4698,1891,99134,46478,1676.0833333333333,0.8050181673943958,1,52656,0.224714,0.2267576093601733,1048.852877752631,0.8328063706573645,0,60.0
2018-06-06,62,52633,682,Unemployed,Master,41,13197,120,Married,5,Own,347,0.2206098600903152,0,2,0.1779702798550773,1,Auto,0,22,27,4853,730,51962,68554,4386.083333333333,0.7323448370903589,9,6415,0.227197,0.2245547528960111,276.8821426280891,0.1422412880044282,0,59.0
2018-06-07,45,93617,557,Employed,Associate,25,10868,84,Single,0,Own,826,0.1852083569009087,7,4,0.4673102205493854,0,Home,0,18,17,3489,357,79807,54410,7801.416666666667,0.8024603090900825,8,25397,0.257368,0.2468937990250041,272.9321558018385,0.1408631538034978,1,43.2
2018-06-08,25,34276,574,Employed,Doctorate,3,5163,96,Married,3,Rent,365,0.3068512432051159,3,0,0.1981528554668243,0,Debt Consolidation,0,27,26,3141,42,38198,5950,2856.333333333333,0.6432778154586831,6,32248,0.253163,0.2516654856745215,125.3743363618091,0.1716796602970506,0,51.0
2018-06-09,47,25819,587,Self-Employed,High School,25,12824,36,Married,0,Rent,103,0.6251110136059772,2,2,0.2019140922561381,0,Debt Consolidation,0,30,5,1622,1914,63582,13848,2151.583333333333,0.7311656082725878,6,49734,0.204324,0.1821822317409338,465.0233901800585,0.2640025052155661,0,61.0
2018-06-10,28,72220,546,Employed,Doctorate,5,11336,36,Married,1,Mortgage,533,0.0749757526584197,2,2,0.0943437121914956,0,Debt Consolidation,0,27,28,1517,1581,125642,21847,6018.333333333333,0.8586571733035676,9,103795,0.223336,0.2124214087649371,428.4952003309024,0.1597610413177905,1,36.0
2018-06-11,49,30032,594,Employed,High School,28,5789,24,Single,0,Mortgage,148,0.3107083947287454,3,4,0.6043856643408314,0,Debt Consolidation,0,32,1,1632,524,87958,20361,2502.6666666666665,0.916058478710454,7,67597,0.1837889999999999,0.1951435199276996,293.2641924268633,0.1763176048588958,0,61.0
2018-06-12,53,259639,545,Employed,Associate,29,39203,12,Single,3,Rent,189,0.4386562711710819,2,0,0.2159059871988357,0,Debt Consolidation,0,26,18,21809,322,22131,31385,21636.58333333333,0.6294477479731049,3,2180,0.231703,0.2082674307613362,3647.08023469859,0.1772960256986935,1,40.8
2018-06-13,30,58238,628,Self-Employed,Master,7,15647,48,Married,1,Mortgage,770,0.3295258830768796,3,1,0.1772264166734497,1,Debt Consolidation,0,31,5,8060,2519,52153,9039,4853.166666666667,0.6520002745778942,4,43114,0.196647,0.1968086253851197,473.4874039847746,0.2562218628355591,0,64.0
2018-06-14,51,91953,618,Employed,High School,29,21715,48,Married,5,Rent,264,0.2848807974783398,2,1,0.5055457486130079,0,Debt Consolidation,0,30,4,2879,4094,33213,16233,7662.75,0.8565896611314722,10,16980,0.207715,0.1910068472786552,650.4353504324093,0.1193351408348712,1,45.6
2018-06-15,44,22237,609,Employed,High School,23,33644,60,Divorced,1,Rent,816,0.0834704033900283,3,0,0.4714725437536073,0,Home,0,28,21,1967,2124,64119,23197,1853.0833333333333,0.74758521576362,3,40922,0.234144,0.2263112636023082,941.3235674849936,0.948324090921434,0,54.0
2018-06-16,49,74085,653,Employed,Bachelor,27,36208,12,Married,2,Other,375,0.2610447149526503,3,0,0.5635651599936462,0,Debt Consolidation,0,32,28,2043,15912,70652,75471,6173.75,0.8407513173047919,6,7553,0.174708,0.1710999384947515,3304.2319994015834,0.5959476816200175,0,52.0
2018-06-17,62,33370,633,Employed,Bachelor,41,18943,24,Divorced,2,Rent,545,0.5216435101841149,5,0,0.3087013594120962,0,Home,0,24,9,966,1022,92153,124204,2780.833333333333,0.8363589085183586,5,10973,0.177443,0.1854112496546378,950.6725134774842,0.5378504693356251,0,54.0
2018-06-18,37,36562,553,Employed,High School,14,38934,48,Married,0,Own,782,0.2712565461457211,4,0,0.3734549246387511,0,Home,1,26,11,636,1405,2612797,9589,3046.833333333333,0.4920743255317542,4,2603208,0.257434,0.2217851625245951,1230.4340525540445,0.6605002087043524,1,42.400000000000006
2018-06-19,30,25658,583,Employed,Associate,7,6423,36,Married,3,Own,374,0.1894535547286846,1,1,0.0656446682087652,0,Other,0,20,6,2411,480,73838,16061,2138.1666666666665,0.6281619823189073,5,57777,0.199923,0.1974959764384783,237.88299637288844,0.2861717965731803,0,51.0
2018-06-20,29,75095,590,Employed,Associate,6,11657,120,Married,1,Rent,182,0.445935977119576,3,0,0.5825699687710878,0,Auto,1,15,9,1570,510,61242,19771,6257.916666666667,0.8958779572566345,7,41471,0.271657,0.3259884,329.8993646775571,0.0818002846545134,0,66.0
2018-06-21,30,50657,591,Employed,High School,4,20536,48,Married,2,Mortgage,638,0.3076862262550148,7,2,0.0611514659954466,0,Auto,0,27,14,20114,475,124093,16677,4221.416666666667,0.6961833476119678,11,107416,0.220036,0.1959136080494626,620.4555409479389,0.2981121363557902,0,46.0
2018-06-22,39,48707,582,Employed,Bachelor,17,9741,36,Married,0,Other,558,0.0522357238300751,1,0,0.2514780656533204,0,Home,0,30,17,2817,337,118511,49436,4058.9166666666665,0.8151823308796098,13,69075,0.203741,0.2444892,384.46701682767775,0.2321966904537773,0,50.0
2018-06-23,44,99138,524,Employed,High School,19,23007,48,Single,4,Rent,472,0.2540217479680924,2,2,0.2485996001451692,0,Auto,0,25,24,2596,152,10777,42553,8261.5,0.7571087604821021,6,1156,0.256007,0.2443425028249835,755.6043743495422,0.1485934000302054,1,40.8
2018-06-24,43,48280,581,Employed,Associate,20,40424,36,Married,4,Rent,340,0.2456170925788514,0,1,0.236268128684344,0,Home,0,28,12,3207,4229,102225,18198,4023.3333333333335,0.7211819879579198,2,84027,0.234924,0.1903172372386648,1482.4314109198974,0.4529655536669173,0,51.0
2018-06-25,49,88064,568,Employed,Bachelor,27,24156,120,Married,0,Other,382,0.4188561574560084,2,0,0.1095899033439234,0,Other,0,28,17,7110,252,161014,25181,7338.666666666667,0.7183138858213195,4,135833,0.295156,0.2599071122999699,566.4924363690118,0.1292458806825506,1,36.8
2018-06-26,40,177855,625,Employed,Master,18,17289,60,Married,0,Mortgage,280,0.0381954413523817,3,0,0.4362052170220401,0,Education,0,24,26,3966,947,100795,5297,14821.25,0.4376470065062385,5,95498,0.209789,0.2317025527049952,489.0777211980991,0.0518902063724786,1,38.400000000000006
2018-06-27,57,55440,614,Employed,Bachelor,35,31937,12,Widowed,2,Own,497,0.1472038203843839,3,2,0.3286043803976798,0,Auto,0,25,14,958,1312,32453,11335,4620.0,0.9196059262663318,4,21118,0.189937,0.1855233268684352,2936.3855222944208,0.7431570394576669,0,50.0
2018-06-28,36,44377,558,Employed,High School,13,11938,36,Married,3,Rent,215,0.4871413459689579,1,1,0.172368674875069,0,Debt Consolidation,0,23,19,2782,1457,59951,7527,3698.0833333333335,0.8448341979999824,2,52424,0.217938,0.2104055154034537,450.01354973535626,0.1798265452109037,1,40.0
2018-06-29,72,115677,511,Employed,Bachelor,51,27962,24,Married,1,Own,364,0.1067163362071237,6,0,0.4827722727825871,0,Debt Consolidation,0,26,6,1314,3522,89023,36001,9639.75,0.621282685530762,5,53022,0.247462,0.281752414333143,1537.2902256069656,0.1972343915150253,0,54.0
2018-06-30,47,163133,654,Employed,Master,27,13145,36,Single,5,Mortgage,210,0.1247277421292372,2,1,0.1071683365164474,0,Education,0,27,6,687,411,85222,23228,13594.416666666666,0.8641471562710866,8,61994,0.171145,0.1960728807168578,485.8890017679324,0.0511893241785242,1,32.800000000000004
2018-07-01,29,51989,517,Employed,Bachelor,5,26850,72,Married,3,Mortgage,351,0.1694921328730161,5,0,0.486149060748954,0,Auto,0,22,3,1462,391,54547,10095,4332.416666666667,0.837484158288577,6,44452,0.28335,0.308280968179741,822.1477906476991,0.2707836943925136,0,58.0
2018-07-02,27,28941,612,Employed,Associate,3,15007,60,Single,0,Mortgage,112,0.126320772975842,1,1,0.5284547949288323,0,Education,0,23,8,1934,2041,133058,88914,2411.75,0.720013118653687,6,44144,0.214007,0.1881368566838582,387.7529908928042,0.2072159182721278,0,57.0
2018-07-03,45,117455,652,Unemployed,Doctorate,21,19372,48,Divorced,3,Own,697,0.24441493145149,2,0,0.6809138064677995,0,Auto,1,26,6,3583,11199,288436,9076,9787.916666666666,0.7402011020414656,3,279360,0.188372,0.1858106205731819,574.9512772267276,0.1299511755712462,1,44.8
2018-07-04,37,68157,565,Employed,Bachelor,14,15091,36,Married,2,Mortgage,394,0.2163111726654191,1,1,0.0854081281215183,0,Education,0,28,27,4080,422,12695,66526,5679.75,0.7484423617468884,3,3047,0.2175909999999999,0.2315036535692716,585.3517618414047,0.1724286741214674,1,40.0
2018-07-05,48,117456,579,Employed,Master,24,17310,36,Married,5,Mortgage,451,0.2410743506482596,2,0,0.1182265399768881,0,Home,0,18,24,1689,949,31979,20558,9788.0,0.7982180239988403,5,11421,0.21281,0.2188964065763324,660.0888871772578,0.1135154155268959,1,39.2
2018-07-06,45,84230,579,Employed,Bachelor,21,61376,72,Married,0,Rent,565,0.3140071582874062,3,0,0.0933659074560961,0,Home,1,34,7,922,542,29842,14843,7019.166666666667,0.894826038127962,3,14999,0.286876,0.2939864165511338,1822.717367698761,0.34017106033937,0,56.0
2018-07-07,39,47910,515,Employed,High School,15,25068,24,Married,3,Mortgage,447,0.119513307240929,4,0,0.0213720313254242,0,Education,0,17,10,3131,2447,68899,11745,3992.5,0.830638544989031,2,57154,0.242568,0.2391979956648563,1324.369438268233,0.4436742487835273,0,48.0
2018-07-08,29,37709,557,Employed,High School,8,27440,60,Married,1,Own,435,0.4760696725312704,5,1,0.4629774584414892,0,Debt Consolidation,1,25,9,1785,543,9716,16781,3142.4166666666665,0.7397602744952096,5,4672,0.25394,0.304728,895.7625781123185,0.4234838085695144,0,65.0
2018-07-09,21,73625,540,Employed,Bachelor,1,12927,24,Single,0,Mortgage,182,0.1167416801898883,1,1,0.192876457773361,1,Home,0,21,8,1176,1252,159098,20357,6135.416666666667,0.92268772470023,7,138741,0.2179269999999999,0.2086074203960138,663.3784315790815,0.1377866374050795,0,58.0
2018-07-10,34,19757,592,Employed,Associate,12,17292,120,Married,4,Rent,385,0.3805188753690838,1,2,0.1810785285637999,0,Education,0,28,9,3053,1330,44477,106504,1646.4166666666667,0.85013640411129,5,2757,0.276292,0.254743574662713,399.1784068142738,0.4762940163876745,0,53.0
2018-07-11,50,111020,498,Employed,Associate,28,23552,12,Married,4,Rent,496,0.2366543880261757,1,2,0.4521291285619364,0,Other,0,23,24,2429,1167,43095,13083,9251.666666666666,0.9291366372969364,2,30012,0.239552,0.2426045555361136,2230.0372998322887,0.2946536443702708,1,44.0
2018-07-12,42,54202,553,Unemployed,High School,20,12176,60,Single,0,Rent,292,0.1763074530890557,8,1,0.0518711996149119,1,Auto,0,22,9,4326,727,39483,98490,4516.833333333333,0.8493880497599409,8,4212,0.240676,0.2390079793513072,349.5780008176501,0.142041548463374,0,65.0
2018-07-13,25,36184,620,Employed,Master,6,38807,48,Single,3,Other,210,0.7300222752172015,5,1,0.2278326411523714,0,Debt Consolidation,0,38,9,2111,611,68351,27576,3015.333333333333,0.7871618924099528,5,40775,0.223807,0.1955250823367451,1171.6784528528517,0.4582174838114696,0,53.0
2018-07-14,42,56320,603,Employed,Master,16,21883,60,Married,0,Rent,653,0.1184361050740646,3,1,0.06966193937591,0,Auto,0,31,12,2478,1449,326068,11532,4693.333333333333,0.8841559886152924,4,314536,0.225383,0.2004524056328795,580.3166457165904,0.2627805353089326,1,32.0
2018-07-15,44,111257,487,Employed,Associate,22,18609,60,Single,0,Mortgage,525,0.4198730262830971,2,0,0.1859452564174194,0,Education,0,25,17,1370,300,24626,30649,9271.416666666666,0.9278688196147796,5,1850,0.280109,0.2739642111241815,572.6492834670111,0.1183906756572991,1,40.0
2018-07-16,29,55172,606,Employed,Bachelor,6,40220,36,Married,0,Mortgage,317,0.5136802341383394,4,6,0.5761166993738129,0,Auto,0,31,9,14454,1521,82416,8200,4597.666666666667,0.8553367080777702,4,74216,0.22222,0.2238548220091063,1544.0523603590204,0.4047819242425187,0,55.0
2018-07-17,41,29020,583,Employed,High School,16,16570,60,Married,2,Mortgage,158,0.2277590061052535,2,1,0.1737664767520638,0,Home,0,23,4,713,862,22214,10612,2418.333333333333,0.9384970548532756,5,11602,0.23007,0.2319091366619266,468.9354160461152,0.2592427633546996,0,55.0
2018-07-18,40,19990,564,Employed,Bachelor,22,11236,24,Divorced,2,Mortgage,511,0.4284277726311846,2,1,0.26027699018118,0,Debt Consolidation,0,28,15,1477,5786,100659,7602,1665.8333333333333,0.885167782272192,4,93057,0.2042359999999999,0.1917589524471055,567.3519040174446,0.6473348098153745,0,53.0
2018-07-19,26,196442,600,Employed,Associate,5,25519,24,Single,1,Mortgage,326,0.3204075085915293,4,1,0.169365098745828,0,Auto,1,25,19,4763,4810,9573,128864,16370.166666666666,0.7471741389470106,9,6837,0.2005189999999999,0.1991451713628076,1297.7445643696772,0.0991892506309044,1,40.8
